{"cameraMode":{"drawMode":0,"name":"Shaded","section":"Shading Mode"},"sceneLighting":true,"audioPlay":false,"sceneViewState":{"m_AlwaysRefresh":false,"showFog":true,"showSkybox":true,"showFlares":true,"showImageEffects":true,"showParticleSystems":true,"showVisualEffectGraphs":true,"m_FxEnabled":true},"in2DMode":false,"pivot":{"x":940.9758911132813,"y":442.23028564453127,"z":7.033935546875},"rotation":{"x":0.05816935747861862,"y":-0.0032114165369421245,"z":0.00015370121400337666,"w":0.9983437657356262},"size":403.4312438964844,"orthographic":false}